{
  "optimized_parameters": {
    "odds_weight": 0.05,
    "team_weight": 0.1328752230446835,
    "form_weight": 0.8068648688045785,
    "default_patterns": 125,
    "high_confidence_threshold": 0.65,
    "medium_confidence_threshold": 0.55,
    "max_confidence": 0.95,
    "form_win_weight": 3.0,
    "form_draw_weight": 1.0,
    "form_loss_weight": 0.0,
    "form_window": 5,
    "home_bias_min_odds": 1.3,
    "home_bias_max_odds": 0.8630390013843333,
    "home_bias_factor": 0.6223777885241467,
    "winning_streak_boost": 1.9756577156774173,
    "losing_streak_penalty": 1.2099825887423425,
    "streak_length": 3,
    "home_form_boost": 1.8185646625304652,
    "away_form_boost": 0.7993735238180057,
    "strong_form_threshold": 0.7,
    "base_form_weight": 0.3686037549811767,
    "opponent_pattern_weight": 0.20685940435588734,
    "head_to_head_weight": 0.21243676799402733,
    "tendency_weight": 0.20992029116748298,
    "contextual_weight": 0.1,
    "consistency_base_weight": 0.5540567654214534,
    "consistency_h2h_weight": 0.2878714208747035,
    "consistency_opponent_weight": 0.2,
    "form_sensitivity": 0.7031831409817358,
    "draw_sensitivity": 0.191221915993608
  },
  "winnings_amount": 543148.5,
  "improvements_found": 118,
  "optimization_timestamp": "2025-07-27T14:53:34.706681",
  "dataset_size": 73,
  "optimization_weights": {
    "winnings_weight": 0.7,
    "win_rate_weight": 0.30000000000000004
  },
  "detailed_metrics": {
    "total_winnings": 552273.5,
    "total_cost": 9125,
    "net_profit": 543148.5,
    "win_rate": 0.2876712328767123,
    "weeks_with_wins": 21,
    "total_weeks": 73,
    "roi": 5952.312328767123
  },
  "description": "Multi-objective optimizer: 28.8% win rate, +543,148 net profit from 118 improvements"
}