{
  "optimized_parameters": {
    "odds_weight": 0.4209676834849214,
    "team_weight": 0.01,
    "form_weight": 0.5848177499338215,
    "default_patterns": 75,
    "high_confidence_threshold": 0.65,
    "medium_confidence_threshold": 0.55,
    "max_confidence": 0.95,
    "form_win_weight": 3.0,
    "form_draw_weight": 1.0,
    "form_loss_weight": 0.0,
    "form_window": 5,
    "home_bias_min_odds": 1.3,
    "home_bias_max_odds": 3.3855397050801006,
    "home_bias_factor": 1.73975880823926,
    "winning_streak_boost": 2.1714562928177443,
    "losing_streak_penalty": 1.9075354684164523,
    "streak_length": 2,
    "home_form_boost": 2.3485488244445425,
    "away_form_boost": 0.3,
    "strong_form_threshold": 0.7,
    "base_form_weight": 0.1215701838754732,
    "opponent_pattern_weight": 0.3231519404054255,
    "head_to_head_weight": 0.3302078514271048,
    "tendency_weight": 0.3,
    "contextual_weight": 0.022888173843157326,
    "consistency_base_weight": 0.44472804090135554,
    "consistency_h2h_weight": 0.46739199674690474,
    "consistency_opponent_weight": 0.1,
    "form_sensitivity": 0.46823872669414845,
    "draw_sensitivity": 0.43967478995170295,
    "odds_diff_weight": 0.05191375690789149,
    "equal_match_boost": 1.7956118268305568,
    "favorite_performance_boost": 0.8227486205855378,
    "underdog_performance_boost": 0.9153598902726114,
    "odds_diff_threshold_tight": 0.30217920148103605,
    "odds_diff_threshold_moderate": 0.8691376607034147,
    "odds_diff_sensitivity": 0.8326562979076086,
    "odds_diff_window": 4,
    "odds_bracket_weight": 0.22859329660100386,
    "odds_bracket_window": 90.05743986059629,
    "min_bracket_samples": 2.811978651278777,
    "ideal_bracket_samples": 20
  },
  "winnings_amount": -877.5,
  "improvements_found": 62,
  "optimization_timestamp": "2025-07-30T16:40:33.055002",
  "dataset_size": 81,
  "optimization_weights": {
    "winnings_weight": 0.7,
    "win_rate_weight": 0.3
  },
  "detailed_metrics": {
    "total_winnings": 5197.5,
    "total_cost": 6075,
    "net_profit": -877.5,
    "win_rate": 0.07407407407407407,
    "weeks_with_wins": 6,
    "total_weeks": 81,
    "roi": -14.444444444444443
  },
  "description": "Multi-objective optimizer: 7.4% win rate, -878 net profit from 62 improvements"
}