{
  "optimized_parameters": {
    "odds_weight": 0.4209676834849214,
    "team_weight": 0.01,
    "form_weight": 0.6313299061682578,
    "default_patterns": 75,
    "high_confidence_threshold": 0.65,
    "medium_confidence_threshold": 0.55,
    "max_confidence": 0.95,
    "form_win_weight": 3.0,
    "form_draw_weight": 1.0,
    "form_loss_weight": 0.0,
    "form_window": 5,
    "home_bias_min_odds": 1.3,
    "home_bias_max_odds": 1.1139648861481972,
    "home_bias_factor": 0.5868333530891631,
    "winning_streak_boost": 2.4849352276718735,
    "losing_streak_penalty": 0.3029632324343644,
    "streak_length": 2,
    "home_form_boost": 2.3485488244445425,
    "away_form_boost": 0.6832134528152904,
    "strong_form_threshold": 0.7,
    "base_form_weight": 0.1215701838754732,
    "opponent_pattern_weight": 0.3231519404054255,
    "head_to_head_weight": 0.3302078514271048,
    "tendency_weight": 0.3,
    "contextual_weight": 0.022888173843157326,
    "consistency_base_weight": 0.44472804090135554,
    "consistency_h2h_weight": 0.46739199674690474,
    "consistency_opponent_weight": 0.1,
    "form_sensitivity": 0.46823872669414845,
    "draw_sensitivity": 0.4750975600037247,
    "odds_diff_weight": 0.05191375690789149,
    "equal_match_boost": 1.7956118268305568,
    "favorite_performance_boost": 1.412793963109375,
    "underdog_performance_boost": 2.13287931965527,
    "odds_diff_threshold_tight": 0.20069648626794462,
    "odds_diff_threshold_moderate": 0.9075040398536658,
    "odds_diff_sensitivity": 0.8326562979076086,
    "odds_diff_window": 15
  },
  "winnings_amount": -588.5,
  "improvements_found": 64,
  "optimization_timestamp": "2025-07-30T16:28:54.678833",
  "dataset_size": 81,
  "optimization_weights": {
    "winnings_weight": 0.7,
    "win_rate_weight": 0.3
  },
  "detailed_metrics": {
    "total_winnings": 5486.5,
    "total_cost": 6075,
    "net_profit": -588.5,
    "win_rate": 0.07407407407407407,
    "weeks_with_wins": 6,
    "total_weeks": 81,
    "roi": -9.687242798353909
  },
  "description": "Multi-objective optimizer: 7.4% win rate, -588 net profit from 64 improvements"
}