{
  "optimized_parameters": {
    "odds_weight": 0.16001541196148214,
    "team_weight": 0.01,
    "form_weight": 0.9209666668290772,
    "default_patterns": 75,
    "high_confidence_threshold": 0.65,
    "medium_confidence_threshold": 0.55,
    "max_confidence": 0.95,
    "form_win_weight": 3.0,
    "form_draw_weight": 1.0,
    "form_loss_weight": 0.0,
    "form_window": 5,
    "home_bias_min_odds": 1.3,
    "home_bias_max_odds": 1.2104450039269345,
    "home_bias_factor": 1.2427680988785927,
    "winning_streak_boost": 1.462757661305917,
    "losing_streak_penalty": 0.866348235439984,
    "streak_length": 1,
    "home_form_boost": 2.0417457627752933,
    "away_form_boost": 1.9072599914766255,
    "strong_form_threshold": 0.7,
    "base_form_weight": 0.3820981790871347,
    "opponent_pattern_weight": 0.0561874852828133,
    "head_to_head_weight": 0.21243676799402733,
    "tendency_weight": 0.2727545028962034,
    "contextual_weight": 0.02,
    "consistency_base_weight": 0.4461868393636226,
    "consistency_h2h_weight": 0.3870297228361596,
    "consistency_opponent_weight": 0.1304909539402362,
    "form_sensitivity": 0.7540671071997326,
    "draw_sensitivity": 0.4263671393972692,
    "odds_diff_weight": 0.2904749653530246,
    "equal_match_boost": 1.595292957908183,
    "favorite_performance_boost": 1.0492350925635323,
    "underdog_performance_boost": 1.235096186180419,
    "odds_diff_threshold_tight": 0.3,
    "odds_diff_threshold_moderate": 0.6829950758396094,
    "odds_diff_sensitivity": 1.0,
    "odds_diff_window": 8
  },
  "winnings_amount": 763019.5,
  "improvements_found": 139,
  "optimization_timestamp": "2025-07-27T20:59:43.468099",
  "dataset_size": 80,
  "optimization_weights": {
    "winnings_weight": 0.7,
    "win_rate_weight": 0.3
  },
  "detailed_metrics": {
    "total_winnings": 769019.5,
    "total_cost": 6000,
    "net_profit": 763019.5,
    "win_rate": 0.3875,
    "weeks_with_wins": 31,
    "total_weeks": 80,
    "roi": 12716.991666666667
  },
  "description": "Multi-objective optimizer: 38.8% win rate, +763,020 net profit from 139 improvements"
}