{
  "optimized_parameters": {
    "odds_weight": 0.20648729567504936,
    "team_weight": 0.15741354057003668,
    "form_weight": 0.7239877067803965,
    "default_patterns": 200,
    "high_confidence_threshold": 0.65,
    "medium_confidence_threshold": 0.55,
    "max_confidence": 0.95,
    "form_win_weight": 3.0,
    "form_draw_weight": 1.0,
    "form_loss_weight": 0.0,
    "form_window": 5,
    "home_bias_min_odds": 1.3,
    "home_bias_max_odds": 0.8325913268663042,
    "home_bias_factor": 1.1038223198274353,
    "winning_streak_boost": 0.8413815725547282,
    "losing_streak_penalty": 1.477515254191853,
    "streak_length": 3,
    "home_form_boost": 1.6741369442034149,
    "away_form_boost": 2.3405575985416442,
    "strong_form_threshold": 0.7,
    "base_form_weight": 0.26740814219232323,
    "opponent_pattern_weight": 0.11990463098318592,
    "head_to_head_weight": 0.28574565456454043,
    "tendency_weight": 0.3,
    "contextual_weight": 0.09013897337561996,
    "consistency_base_weight": 0.4461868393636226,
    "consistency_h2h_weight": 0.48197884184748785,
    "consistency_opponent_weight": 0.1,
    "form_sensitivity": 0.6757558559525745,
    "draw_sensitivity": 0.4837925017421826,
    "odds_diff_weight": 0.3738718820240421,
    "equal_match_boost": 1.0954955936104436,
    "favorite_performance_boost": 1.2049282125213057,
    "underdog_performance_boost": 1.0526683790950542,
    "odds_diff_threshold_tight": 0.3,
    "odds_diff_threshold_moderate": 0.6829950758396094,
    "odds_diff_sensitivity": 0.9463289176608447,
    "odds_diff_window": 10
  },
  "winnings_amount": 1861669.0,
  "improvements_found": 15,
  "optimization_timestamp": "2025-07-28T15:44:50.108602",
  "dataset_size": 80,
  "optimization_weights": {
    "winnings_weight": 0.7,
    "win_rate_weight": 0.3
  },
  "detailed_metrics": {
    "total_winnings": 1877669.0,
    "total_cost": 16000,
    "net_profit": 1861669.0,
    "win_rate": 0.3875,
    "weeks_with_wins": 31,
    "total_weeks": 80,
    "roi": 11635.431250000001
  },
  "description": "Multi-objective optimizer: 38.8% win rate, +1,861,669 net profit from 15 improvements"
}