{
  "optimized_parameters": {
    "odds_weight": 0.05,
    "team_weight": 0.08603677042973895,
    "form_weight": 0.8624553115007256,
    "default_patterns": 125,
    "high_confidence_threshold": 0.65,
    "medium_confidence_threshold": 0.55,
    "max_confidence": 0.95,
    "form_win_weight": 3.0,
    "form_draw_weight": 1.0,
    "form_loss_weight": 0.0,
    "form_window": 5,
    "home_bias_min_odds": 1.3,
    "home_bias_max_odds": 1.2104450039269345,
    "home_bias_factor": 0.45146284367578743,
    "winning_streak_boost": 1.8345733361202259,
    "losing_streak_penalty": 1.2099825887423425,
    "streak_length": 3,
    "home_form_boost": 2.1300894606794807,
    "away_form_boost": 2.454841437282864,
    "strong_form_threshold": 0.7,
    "base_form_weight": 0.3686037549811767,
    "opponent_pattern_weight": 0.15748451312323802,
    "head_to_head_weight": 0.21243676799402733,
    "tendency_weight": 0.27772321126816696,
    "contextual_weight": 0.02,
    "consistency_base_weight": 0.5540567654214534,
    "consistency_h2h_weight": 0.33842700597007946,
    "consistency_opponent_weight": 0.12908120621450273,
    "form_sensitivity": 0.7389842596668118,
    "draw_sensitivity": 0.3093295304925512,
    "odds_diff_weight": 0.4,
    "equal_match_boost": 0.9841725779739683,
    "favorite_performance_boost": 1.4035796408068986,
    "underdog_performance_boost": 1.6288861971738542,
    "odds_diff_threshold_tight": 0.3,
    "odds_diff_threshold_moderate": 0.6829950758396094,
    "odds_diff_sensitivity": 0.9700769423662023,
    "odds_diff_window": 9
  },
  "winnings_amount": 1588333.5,
  "improvements_found": 21,
  "optimization_timestamp": "2025-07-27T17:27:23.098660",
  "dataset_size": 80,
  "optimization_weights": {
    "winnings_weight": 0.7,
    "win_rate_weight": 0.30000000000000004
  },
  "detailed_metrics": {
    "total_winnings": 1598333.5,
    "total_cost": 10000,
    "net_profit": 1588333.5,
    "win_rate": 0.3875,
    "weeks_with_wins": 31,
    "total_weeks": 80,
    "roi": 15883.335
  },
  "description": "Multi-objective optimizer: 38.8% win rate, +1,588,334 net profit from 21 improvements"
}