{
  "optimized_parameters": {
    "odds_weight": 0.23990512674380193,
    "team_weight": 0.276,
    "form_weight": 0.4234975395434711,
    "default_patterns": 60,
    "high_confidence_threshold": 0.65,
    "medium_confidence_threshold": 0.55,
    "max_confidence": 0.95,
    "form_win_weight": 3.0,
    "form_draw_weight": 1.0,
    "form_loss_weight": 0.0,
    "form_window": 5,
    "home_bias_min_odds": 1.3,
    "home_bias_max_odds": 6.373887088770473,
    "home_bias_factor": 1.400555010138461,
    "winning_streak_boost": 0.5107316615744846,
    "losing_streak_penalty": 1.7595428161295525,
    "streak_length": 4,
    "home_form_boost": 1.6384612638456724,
    "away_form_boost": 2.197690467991616,
    "strong_form_threshold": 0.7
  },
  "roi_percentage": 3960.8660130718954,
  "improvements_found": 16,
  "optimization_timestamp": "2025-07-26T23:44:18.433619",
  "dataset_size": 51,
  "description": "Smart optimizer results with +3960.9% ROI from 16 improvements"
}