{
  "optimized_parameters": {
    "odds_weight": 0.05,
    "team_weight": 0.31850091066561287,
    "form_weight": 0.561782646040008,
    "default_patterns": 60,
    "high_confidence_threshold": 0.65,
    "medium_confidence_threshold": 0.55,
    "max_confidence": 0.95,
    "form_win_weight": 3.0,
    "form_draw_weight": 1.0,
    "form_loss_weight": 0.0,
    "form_window": 5,
    "home_bias_min_odds": 1.3,
    "home_bias_max_odds": 5.904274417826637,
    "home_bias_factor": 0.6840732639660685,
    "winning_streak_boost": 1.605857720479392,
    "losing_streak_penalty": 1.6804661288010343,
    "streak_length": 3,
    "home_form_boost": 0.9967770032452958,
    "away_form_boost": 0.35755998273092,
    "strong_form_threshold": 0.7
  },
  "roi_percentage": 8460.158045977012,
  "improvements_found": 8,
  "optimization_timestamp": "2025-07-27T01:34:40.668451",
  "dataset_size": 58,
  "description": "Smart optimizer results with +8460.2% ROI from 8 improvements"
}