{
  "optimized_parameters": {
    "odds_weight": 0.5753827593994215,
    "team_weight": 0.01,
    "form_weight": 0.5020969066543464,
    "default_patterns": 75,
    "high_confidence_threshold": 0.65,
    "medium_confidence_threshold": 0.55,
    "max_confidence": 0.95,
    "form_win_weight": 3.0,
    "form_draw_weight": 1.0,
    "form_loss_weight": 0.0,
    "form_window": 5,
    "home_bias_min_odds": 1.3,
    "home_bias_max_odds": 3.103225041016227,
    "home_bias_factor": 1.403287157953509,
    "winning_streak_boost": 2.3718238367394564,
    "losing_streak_penalty": 1.9075354684164523,
    "streak_length": 2,
    "home_form_boost": 2.2839201771617046,
    "away_form_boost": 0.3,
    "strong_form_threshold": 0.7,
    "base_form_weight": 0.1215701838754732,
    "opponent_pattern_weight": 0.3231519404054255,
    "head_to_head_weight": 0.3302078514271048,
    "tendency_weight": 0.3,
    "contextual_weight": 0.022888173843157326,
    "consistency_base_weight": 0.44472804090135554,
    "consistency_h2h_weight": 0.46739199674690474,
    "consistency_opponent_weight": 0.1,
    "form_sensitivity": 0.3852164078823094,
    "draw_sensitivity": 0.4778327729429446,
    "odds_diff_weight": 0.05191375690789149,
    "equal_match_boost": 1.2071251888314642,
    "favorite_performance_boost": 0.8227486205855378,
    "underdog_performance_boost": 0.9153598902726114,
    "odds_diff_threshold_tight": 0.5721216632794512,
    "odds_diff_threshold_moderate": 0.9510286111264412,
    "odds_diff_sensitivity": 0.9780855577800136,
    "odds_diff_window": 4,
    "odds_bracket_weight": 0.2336395399088462,
    "odds_bracket_window": 90.05743986059629,
    "min_bracket_samples": 2.834477518162704,
    "ideal_bracket_samples": 21.517345535240654,
    "bracket_confidence_boost": 1.5,
    "bracket_dynamic_weight": true
  },
  "winnings_amount": 28771.0,
  "improvements_found": 124,
  "optimization_timestamp": "2025-07-30T17:04:02.015334",
  "dataset_size": 81,
  "optimization_weights": {
    "winnings_weight": 0.5,
    "win_rate_weight": 0.5
  },
  "detailed_metrics": {
    "total_winnings": 34846.0,
    "total_cost": 6075,
    "net_profit": 28771.0,
    "win_rate": 0.09876543209876543,
    "weeks_with_wins": 8,
    "total_weeks": 81,
    "roi": 473.5967078189301
  },
  "description": "Multi-objective optimizer: 9.9% win rate, +28,771 net profit from 124 improvements"
}