{
  "optimized_parameters": {
    "odds_weight": 0.05,
    "team_weight": 0.19052095656607015,
    "form_weight": 0.8068648688045785,
    "default_patterns": 125,
    "high_confidence_threshold": 0.65,
    "medium_confidence_threshold": 0.55,
    "max_confidence": 0.95,
    "form_win_weight": 3.0,
    "form_draw_weight": 1.0,
    "form_loss_weight": 0.0,
    "form_window": 5,
    "home_bias_min_odds": 1.3,
    "home_bias_max_odds": 0.8108948120288386,
    "home_bias_factor": 1.1676782836410193,
    "winning_streak_boost": 1.7833301704684175,
    "losing_streak_penalty": 0.8958375153883201,
    "streak_length": 3,
    "home_form_boost": 1.8523808454164523,
    "away_form_boost": 0.7993735238180057,
    "strong_form_threshold": 0.7
  },
  "winnings_amount": 506911.0,
  "improvements_found": 141,
  "optimization_timestamp": "2025-07-27T14:41:30.524536",
  "dataset_size": 73,
  "optimization_weights": {
    "winnings_weight": 0.7,
    "win_rate_weight": 0.30000000000000004
  },
  "detailed_metrics": {
    "total_winnings": 516036.0,
    "total_cost": 9125,
    "net_profit": 506911.0,
    "win_rate": 0.2602739726027397,
    "weeks_with_wins": 19,
    "total_weeks": 73,
    "roi": 5555.18904109589
  },
  "description": "Multi-objective optimizer: 26.0% win rate, +506,911 net profit from 141 improvements"
}