{
  "optimized_parameters": {
    "odds_weight": 0.20995884043980428,
    "team_weight": 0.2219701753440555,
    "form_weight": 0.5667223043509168,
    "default_patterns": 60,
    "high_confidence_threshold": 0.65,
    "medium_confidence_threshold": 0.55,
    "max_confidence": 0.95,
    "form_win_weight": 3.0,
    "form_draw_weight": 1.0,
    "form_loss_weight": 0.0,
    "form_window": 5,
    "home_bias_min_odds": 1.3,
    "home_bias_max_odds": 9.086125818679168,
    "home_bias_factor": 0.6889727699783149,
    "winning_streak_boost": 1.7044385836650722,
    "losing_streak_penalty": 1.3535746482227506,
    "streak_length": 1,
    "home_form_boost": 1.1274364054959987,
    "away_form_boost": 0.3,
    "strong_form_threshold": 0.7
  },
  "roi_percentage": 10866.6512345679,
  "improvements_found": 32,
  "optimization_timestamp": "2025-07-27T00:31:00.732762",
  "dataset_size": 54,
  "description": "Smart optimizer results with +10866.7% ROI from 32 improvements"
}