{
  "optimized_parameters": {
    "odds_weight": 0.21386566563610385,
    "team_weight": 0.2963889547383289,
    "form_weight": 0.561782646040008,
    "default_patterns": 60,
    "high_confidence_threshold": 0.65,
    "medium_confidence_threshold": 0.55,
    "max_confidence": 0.95,
    "form_win_weight": 3.0,
    "form_draw_weight": 1.0,
    "form_loss_weight": 0.0,
    "form_window": 5,
    "home_bias_min_odds": 1.3,
    "home_bias_max_odds": 5.959258498988722,
    "home_bias_factor": 0.6840732639660685,
    "winning_streak_boost": 1.3894586827952509,
    "losing_streak_penalty": 1.4026454059476219,
    "streak_length": 1,
    "home_form_boost": 1.157755626486703,
    "away_form_boost": 0.3,
    "strong_form_threshold": 0.7
  },
  "roi_percentage": 6980.14367816092,
  "improvements_found": 5,
  "optimization_timestamp": "2025-07-27T01:26:12.647398",
  "dataset_size": 58,
  "description": "Smart optimizer results with +6980.1% ROI from 5 improvements"
}