{
  "optimized_parameters": {
    "odds_weight": 0.05,
    "team_weight": 0.02558551777706199,
    "form_weight": 0.9118305265269109,
    "default_patterns": 123,
    "high_confidence_threshold": 0.65,
    "medium_confidence_threshold": 0.55,
    "max_confidence": 0.95,
    "form_win_weight": 3.0,
    "form_draw_weight": 1.0,
    "form_loss_weight": 0.0,
    "form_window": 5,
    "home_bias_min_odds": 1.3,
    "home_bias_max_odds": 1.2104450039269345,
    "home_bias_factor": 0.33326285660704114,
    "winning_streak_boost": 1.6996891992745393,
    "losing_streak_penalty": 1.7316486326165428,
    "streak_length": 3,
    "home_form_boost": 2.1300894606794807,
    "away_form_boost": 2.454841437282864,
    "strong_form_threshold": 0.7,
    "base_form_weight": 0.3686037549811767,
    "opponent_pattern_weight": 0.09583953144342047,
    "head_to_head_weight": 0.21243676799402733,
    "tendency_weight": 0.2727545028962034,
    "contextual_weight": 0.02,
    "consistency_base_weight": 0.4461868393636226,
    "consistency_h2h_weight": 0.36772945285490577,
    "consistency_opponent_weight": 0.12908120621450273,
    "form_sensitivity": 0.7523799109148444,
    "draw_sensitivity": 0.31609549770934403,
    "odds_diff_weight": 0.4,
    "equal_match_boost": 0.9841725779739683,
    "favorite_performance_boost": 1.5211296158148682,
    "underdog_performance_boost": 1.90352156862164,
    "odds_diff_threshold_tight": 0.3,
    "odds_diff_threshold_moderate": 0.6829950758396094,
    "odds_diff_sensitivity": 1.0,
    "odds_diff_window": 12
  },
  "winnings_amount": 1571251.5,
  "improvements_found": 119,
  "optimization_timestamp": "2025-07-27T17:43:21.689866",
  "dataset_size": 80,
  "optimization_weights": {
    "winnings_weight": 0.7,
    "win_rate_weight": 0.3
  },
  "detailed_metrics": {
    "total_winnings": 1581091.5,
    "total_cost": 9840,
    "net_profit": 1571251.5,
    "win_rate": 0.4375,
    "weeks_with_wins": 35,
    "total_weeks": 80,
    "roi": 15968.003048780489
  },
  "description": "Multi-objective optimizer: 43.8% win rate, +1,571,252 net profit from 119 improvements"
}