{
  "optimized_parameters": {
    "odds_weight": 0.05,
    "team_weight": 0.09976780704865001,
    "form_weight": 0.787590354627985,
    "default_patterns": 198,
    "high_confidence_threshold": 0.65,
    "medium_confidence_threshold": 0.55,
    "max_confidence": 0.95,
    "form_win_weight": 3.0,
    "form_draw_weight": 1.0,
    "form_loss_weight": 0.0,
    "form_window": 5,
    "home_bias_min_odds": 1.3,
    "home_bias_max_odds": 0.8325913268663042,
    "home_bias_factor": 1.251761963481994,
    "winning_streak_boost": 0.9282185924644457,
    "losing_streak_penalty": 1.477515254191853,
    "streak_length": 5,
    "home_form_boost": 1.6741369442034149,
    "away_form_boost": 2.394010002552114,
    "strong_form_threshold": 0.7,
    "base_form_weight": 0.26740814219232323,
    "opponent_pattern_weight": 0.05,
    "head_to_head_weight": 0.3795956658556717,
    "tendency_weight": 0.3,
    "contextual_weight": 0.02,
    "consistency_base_weight": 0.4461868393636226,
    "consistency_h2h_weight": 0.5088799871329515,
    "consistency_opponent_weight": 0.1,
    "form_sensitivity": 0.6757558559525745,
    "draw_sensitivity": 0.4837925017421826,
    "odds_diff_weight": 0.3738718820240421,
    "equal_match_boost": 1.3206088307325934,
    "favorite_performance_boost": 1.2049282125213057,
    "underdog_performance_boost": 1.0040600366231278,
    "odds_diff_threshold_tight": 0.3,
    "odds_diff_threshold_moderate": 0.4908190241615263,
    "odds_diff_sensitivity": 0.9463289176608447,
    "odds_diff_window": 10
  },
  "winnings_amount": 60524,
  "improvements_found": 66,
  "optimization_timestamp": "2025-07-29T10:58:59.127381",
  "dataset_size": 81,
  "optimization_weights": {
    "winnings_weight": 0.7,
    "win_rate_weight": 0.3
  },
  "detailed_metrics": {
    "total_winnings": 76562,
    "total_cost": 16038,
    "net_profit": 60524,
    "win_rate": 0.07407407407407407,
    "weeks_with_wins": 6,
    "total_weeks": 81,
    "roi": 377.37872552687367
  },
  "description": "Multi-objective optimizer: 7.4% win rate, +60,524 net profit from 66 improvements"
}