{
  "optimized_parameters": {
    "odds_weight": 0.4896678568130605,
    "team_weight": 0.07314458754443082,
    "form_weight": 0.5171508893127652,
    "default_patterns": 25,
    "high_confidence_threshold": 0.65,
    "medium_confidence_threshold": 0.55,
    "max_confidence": 0.95,
    "form_win_weight": 3.0,
    "form_draw_weight": 1.0,
    "form_loss_weight": 0.0,
    "form_window": 5,
    "home_bias_min_odds": 1.3,
    "home_bias_max_odds": 8.800457333334151,
    "home_bias_factor": 1.9730854204260997,
    "winning_streak_boost": 2.213710485348089,
    "losing_streak_penalty": 1.1519152454790418,
    "streak_length": 2,
    "home_form_boost": 2.3803712969944426,
    "away_form_boost": 0.3991165595896968,
    "strong_form_threshold": 0.7,
    "base_form_weight": 0.1215701838754732,
    "opponent_pattern_weight": 0.2400390870183152,
    "head_to_head_weight": 0.3302078514271048,
    "tendency_weight": 0.3,
    "contextual_weight": 0.022888173843157326,
    "consistency_base_weight": 0.5693705271877012,
    "consistency_h2h_weight": 0.3895108333231705,
    "consistency_opponent_weight": 0.1,
    "form_sensitivity": 0.6797473195276237,
    "draw_sensitivity": 0.4778327729429446,
    "odds_diff_weight": 0.0941195882323623,
    "equal_match_boost": 1.2637342799189542,
    "favorite_performance_boost": 1.1178679175497517,
    "underdog_performance_boost": 1.7153312164953691,
    "odds_diff_threshold_tight": 0.5456718455958025,
    "odds_diff_threshold_moderate": 0.5450008651613042,
    "odds_diff_sensitivity": 0.5663393120825839,
    "odds_diff_window": 10,
    "odds_bracket_weight": 0.13999115466652073,
    "odds_bracket_window": 90.05743986059629,
    "min_bracket_samples": 6.5557355688195695,
    "ideal_bracket_samples": 17.681582304086497,
    "bracket_confidence_boost": 2.461570216121773,
    "bracket_dynamic_weight": 0.8544213379024281
  },
  "winnings_amount": 3055,
  "improvements_found": 306,
  "optimization_timestamp": "2025-07-31T14:08:04.954888",
  "dataset_size": 81,
  "optimization_weights": {
    "winnings_weight": 0.7,
    "win_rate_weight": 0.3
  },
  "detailed_metrics": {
    "total_winnings": 5080,
    "total_cost": 2025,
    "net_profit": 3055,
    "win_rate": 0.06172839506172839,
    "weeks_with_wins": 5,
    "total_weeks": 81,
    "roi": 150.8641975308642
  },
  "description": "Multi-objective optimizer: 6.2% win rate, +3,055 net profit from 306 improvements"
}