{
  "optimized_parameters": {
    "odds_weight": 0.2665526075704213,
    "team_weight": 0.14059031266462882,
    "form_weight": 0.6313299061682578,
    "default_patterns": 151,
    "high_confidence_threshold": 0.65,
    "medium_confidence_threshold": 0.55,
    "max_confidence": 0.95,
    "form_win_weight": 3.0,
    "form_draw_weight": 1.0,
    "form_loss_weight": 0.0,
    "form_window": 5,
    "home_bias_min_odds": 1.3,
    "home_bias_max_odds": 0.8256577639900725,
    "home_bias_factor": 0.5655804052072323,
    "winning_streak_boost": 2.2232824149363077,
    "losing_streak_penalty": 0.3029632324343644,
    "streak_length": 2,
    "home_form_boost": 2.3485488244445425,
    "away_form_boost": 0.3,
    "strong_form_threshold": 0.7,
    "base_form_weight": 0.1215701838754732,
    "opponent_pattern_weight": 0.3231519404054255,
    "head_to_head_weight": 0.3218014917136619,
    "tendency_weight": 0.21379345939512634,
    "contextual_weight": 0.022888173843157326,
    "consistency_base_weight": 0.44472804090135554,
    "consistency_h2h_weight": 0.46739199674690474,
    "consistency_opponent_weight": 0.1350566256777069,
    "form_sensitivity": 0.43916008032707654,
    "draw_sensitivity": 0.5,
    "odds_diff_weight": 0.05191375690789149,
    "equal_match_boost": 1.7956118268305568,
    "favorite_performance_boost": 1.412793963109375,
    "underdog_performance_boost": 2.13287931965527,
    "odds_diff_threshold_tight": 0.4230625105547182,
    "odds_diff_threshold_moderate": 0.8202796934868267,
    "odds_diff_sensitivity": 0.8326562979076086,
    "odds_diff_window": 14
  },
  "winnings_amount": 54418.5,
  "improvements_found": 360,
  "optimization_timestamp": "2025-07-30T15:24:25.822372",
  "dataset_size": 81,
  "optimization_weights": {
    "winnings_weight": 0.7,
    "win_rate_weight": 0.3
  },
  "detailed_metrics": {
    "total_winnings": 66649.5,
    "total_cost": 12231,
    "net_profit": 54418.5,
    "win_rate": 0.1111111111111111,
    "weeks_with_wins": 9,
    "total_weeks": 81,
    "roi": 444.92273730684326
  },
  "description": "Multi-objective optimizer: 11.1% win rate, +54,418 net profit from 360 improvements"
}