{
  "optimized_parameters": {
    "odds_weight": 0.13533825228904958,
    "team_weight": 0.21505927409142334,
    "form_weight": 0.7239877067803965,
    "default_patterns": 75,
    "high_confidence_threshold": 0.65,
    "medium_confidence_threshold": 0.55,
    "max_confidence": 0.95,
    "form_win_weight": 3.0,
    "form_draw_weight": 1.0,
    "form_loss_weight": 0.0,
    "form_window": 5,
    "home_bias_min_odds": 1.3,
    "home_bias_max_odds": 0.763448404261172,
    "home_bias_factor": 1.1245681118098465,
    "winning_streak_boost": 1.3102629861660136,
    "losing_streak_penalty": 1.009134583479816,
    "streak_length": 2,
    "home_form_boost": 1.865150339900333,
    "away_form_boost": 1.9053127245775334,
    "strong_form_threshold": 0.7,
    "base_form_weight": 0.3820981790871347,
    "opponent_pattern_weight": 0.0561874852828133,
    "head_to_head_weight": 0.23113587169719613,
    "tendency_weight": 0.3,
    "contextual_weight": 0.02,
    "consistency_base_weight": 0.4461868393636226,
    "consistency_h2h_weight": 0.3227226549263875,
    "consistency_opponent_weight": 0.2475282677143461,
    "form_sensitivity": 0.6585005145909896,
    "draw_sensitivity": 0.3589554219469393,
    "odds_diff_weight": 0.2904749653530246,
    "equal_match_boost": 1.595292957908183,
    "favorite_performance_boost": 0.8954210137712405,
    "underdog_performance_boost": 1.0526683790950542,
    "odds_diff_threshold_tight": 0.3,
    "odds_diff_threshold_moderate": 0.6829950758396094,
    "odds_diff_sensitivity": 1.0,
    "odds_diff_window": 9
  },
  "winnings_amount": 1094628.5,
  "improvements_found": 184,
  "optimization_timestamp": "2025-07-27T21:51:25.281055",
  "dataset_size": 80,
  "optimization_weights": {
    "winnings_weight": 0.7,
    "win_rate_weight": 0.3
  },
  "detailed_metrics": {
    "total_winnings": 1100628.5,
    "total_cost": 6000,
    "net_profit": 1094628.5,
    "win_rate": 0.3875,
    "weeks_with_wins": 31,
    "total_weeks": 80,
    "roi": 18243.808333333334
  },
  "description": "Multi-objective optimizer: 38.8% win rate, +1,094,628 net profit from 184 improvements"
}