{
  "optimized_parameters": {
    "odds_weight": 0.20648729567504936,
    "team_weight": 0.15741354057003668,
    "form_weight": 0.7239877067803965,
    "default_patterns": 200,
    "high_confidence_threshold": 0.65,
    "medium_confidence_threshold": 0.55,
    "max_confidence": 0.95,
    "form_win_weight": 3.0,
    "form_draw_weight": 1.0,
    "form_loss_weight": 0.0,
    "form_window": 5,
    "home_bias_min_odds": 1.3,
    "home_bias_max_odds": 0.7859596637910025,
    "home_bias_factor": 1.2725077554644053,
    "winning_streak_boost": 1.5993182746348298,
    "losing_streak_penalty": 1.009134583479816,
    "streak_length": 3,
    "home_form_boost": 1.7724272916232573,
    "away_form_boost": 2.3405575985416442,
    "strong_form_threshold": 0.7,
    "base_form_weight": 0.3628392371448562,
    "opponent_pattern_weight": 0.05,
    "head_to_head_weight": 0.197159451624054,
    "tendency_weight": 0.29698272634630607,
    "contextual_weight": 0.09013897337561996,
    "consistency_base_weight": 0.4461868393636226,
    "consistency_h2h_weight": 0.34944413049272144,
    "consistency_opponent_weight": 0.11358693805695488,
    "form_sensitivity": 0.6585005145909896,
    "draw_sensitivity": 0.4837925017421826,
    "odds_diff_weight": 0.3738718820240421,
    "equal_match_boost": 1.0727391707645553,
    "favorite_performance_boost": 0.9460735222841663,
    "underdog_performance_boost": 1.0526683790950542,
    "odds_diff_threshold_tight": 0.3,
    "odds_diff_threshold_moderate": 0.6829950758396094,
    "odds_diff_sensitivity": 1.0,
    "odds_diff_window": 12
  },
  "winnings_amount": 1986483.0,
  "improvements_found": 112,
  "optimization_timestamp": "2025-07-28T12:36:03.436323",
  "dataset_size": 80,
  "optimization_weights": {
    "winnings_weight": 0.7,
    "win_rate_weight": 0.3
  },
  "detailed_metrics": {
    "total_winnings": 2002483.0,
    "total_cost": 16000,
    "net_profit": 1986483.0,
    "win_rate": 0.4875,
    "weeks_with_wins": 39,
    "total_weeks": 80,
    "roi": 12415.51875
  },
  "description": "Multi-objective optimizer: 48.8% win rate, +1,986,483 net profit from 112 improvements"
}