{
  "optimized_parameters": {
    "odds_weight": 0.05,
    "team_weight": 0.31850091066561287,
    "form_weight": 0.6960798137725084,
    "default_patterns": 25,
    "high_confidence_threshold": 0.65,
    "medium_confidence_threshold": 0.55,
    "max_confidence": 0.95,
    "form_win_weight": 3.0,
    "form_draw_weight": 1.0,
    "form_loss_weight": 0.0,
    "form_window": 5,
    "home_bias_min_odds": 1.3,
    "home_bias_max_odds": 5.730472591663843,
    "home_bias_factor": 0.6845045025037501,
    "winning_streak_boost": 2.5542357637155217,
    "losing_streak_penalty": 0.9610835041045179,
    "streak_length": 1,
    "home_form_boost": 0.7739091147097188,
    "away_form_boost": 0.35755998273092,
    "strong_form_threshold": 0.7
  },
  "roi_percentage": 15915.827586206897,
  "improvements_found": 11,
  "optimization_timestamp": "2025-07-27T01:44:29.591185",
  "dataset_size": 58,
  "description": "Smart optimizer results with +15915.8% ROI from 11 improvements"
}