{
  "filename": "test-2024-01-14.json",
  "patterns": [
    "0212000100202",
    "2002002002200",
    "2200000002000",
    "0012222122002",
    "2000202002000",
    "0210220002000",
    "2202000102222",
    "0002000000000",
    "2010000100002",
    "0010000100000",
    "0200202000002",
    "0010020002022",
    "0012202000202",
    "2000002102000",
    "0200022000200",
    "0000000002000",
    "2000000002000",
    "1100200002000",
    "0200000000000",
    "0000000002000",
    "0000000002002",
    "0000002002002",
    "0000002022000",
    "0200000002002",
    "0000121011010",
    "0000001002001",
    "0100010002000",
    "2200000022000",
    "0002000002000",
    "0000200002000",
    "0000002002000",
    "0100221020010",
    "1222211222121",
    "0211102121201",
    "1021011120000",
    "1202001112110",
    "0112202110111",
    "1222220101110",
    "1122120102201",
    "2220021010011",
    "1011111110102",
    "2010202000002",
    "0001202012110",
    "2222001020122",
    "1120022200212",
    "2020121210221",
    "1012210011100",
    "1002002020001",
    "0011122002001",
    "2211112001022",
    "0201120112002",
    "0202021020010",
    "0202202222200",
    "0200020012212",
    "0110022002002",
    "0001200010022",
    "0122201002220",
    "2122111221000",
    "1000012001202",
    "1100121101112"
  ],
  "total_patterns": 60,
  "optimized_parameters": {
    "odds_weight": 0.23990512674380193,
    "team_weight": 0.276,
    "form_weight": 0.4234975395434711,
    "default_patterns": 60,
    "high_confidence_threshold": 0.65,
    "medium_confidence_threshold": 0.55,
    "max_confidence": 0.95,
    "form_win_weight": 3.0,
    "form_draw_weight": 1.0,
    "form_loss_weight": 0.0,
    "form_window": 5,
    "home_bias_min_odds": 1.3,
    "home_bias_max_odds": 7.897127019236702,
    "home_bias_factor": 1.3958641949169421,
    "winning_streak_boost": 0.5,
    "losing_streak_penalty": 1.6801998723315577,
    "streak_length": 4,
    "home_form_boost": 1.6384612638456724,
    "away_form_boost": 2.210550010428429,
    "strong_form_threshold": 0.7
  },
  "random_seed": 42,
  "expected_roi": "+1724.3%",
  "improvement_over_previous": "+1649.7 percentage points"
}